Distance [m],u [m/s],time [s],T [K],P [Pa],H2,H,O,O2,OH,H2O,HO2,H2O2,C,CH,CH2,CH2(S),CH3,CH4,CO,CO2,C2H2,C2H3,C2H4,C2H5,C2H6,AR,N2,PT(S),H(S),H2O(S),OH(S),CO(S),CO2(S),CH3(S),CH2(S),CH(S),C(S),O(S)
0.0,10.00534044766759,0.00039978649611393044,1000.5340447353497,101324.99999999558,6.090042150940775e-11,8.218413311568999e-15,6.605927616492499e-15,0.20403583147709517,9.061063401452515e-15,4.579999072721469e-05,1.1404726667517312e-09,8.860466638296983e-12,-8.331832715731238e-35,9.77782731676544e-27,2.21009272483047e-21,1.7649149778763635e-22,1.1617755296209979e-09,0.02854852738374336,4.83029505028736e-14,2.2900024846742374e-05,7.311432662823414e-24,4.697187055390334e-26,4.303360098722885e-16,3.531252083862956e-18,5.889821163295321e-14,0.0,0.7673469387514469,0.002563096585411092,5.001883449295948e-08,2.092245288895814e-10,1.9462905547349072e-05,8.693368242774309e-08,3.3671123756260125e-12,1.2354128329074437e-09,1.2354128329074439e-09,1.2354128329074439e-09,5.44635383199437e-10,0.9974172990928616
0.004,10.010750060328501,0.000799356955459586,1001.0750059568774,101325.00000000001,1.4622296101430463e-10,1.391091929393169e-14,1.1309986543311796e-14,0.20398942294621467,2.193781483408303e-14,9.22073085662256e-05,2.2863886866175958e-09,2.6335421663990043e-11,7.563390571416139e-33,2.0366584721431506e-26,9.20115573642891e-21,7.398348463140798e-22,2.3506068369102835e-09,0.0285253224936826,4.868139698588592e-14,4.61037243184787e-05,7.24142857483777e-23,4.876943546269069e-25,2.1987799685112347e-15,1.4512279618423564e-17,2.994549382128072e-13,0.0,0.7673469387172667,0.0025817819419370054,5.9049144921520635e-08,3.4946397961240865e-10,2.281019120230031e-05,8.748967492202558e-08,3.407223052018291e-12,1.2411223043162998e-09,1.2411223043163e-09,1.2411223043162996e-09,5.496232306180475e-10,0.9973952567019815
0.008,10.01623180557513,0.001198708735414756,1001.6231804226162,101324.99999999999,2.5742442021026256e-10,1.9752412059744118e-14,1.6118568601489086e-14,0.203942391468361,4.0027872262976595e-14,0.00013923754515756694,3.437921680602985e-09,5.218100199819845e-11,-7.893305782790272e-34,3.183277686538576e-26,2.1614866367265995e-20,1.7523057687599078e-21,3.5676349045726866e-09,0.02850180610369012,4.906742396021189e-14,6.961889448897217e-05,3.405158171096304e-22,2.126640422742745e-24,6.286499631759084e-15,3.354661534671684e-17,8.523017285090926e-13,0.0,0.7673469386721568,0.002600836016679528,6.724833125234007e-08,4.928364783322347e-10,2.5786797845633547e-05,8.805599103215684e-08,3.4483080825881716e-12,1.2469267485791154e-09,1.2469267485791154e-09,1.2469267485791152e-09,5.547179912921715e-10,0.9973732170891708
0.012,10.02178754999525,0.0015978391280762835,1002.1787547902868,101325.0,3.9606023361435883e-10,2.5769809110217986e-14,2.108763340819661e-14,0.20389472086594576,6.344487480430151e-14,0.0001869068775878942,4.595254293371356e-09,8.615546056750166e-11,1.1390655705289336e-35,4.4249886924510716e-26,4.014486753323588e-20,3.281136049245674e-21,4.8140211015220754e-09,0.028477970123408657,4.9461279649285954e-14,9.345362424315942e-05,1.1120437940261629e-21,6.3065222143056265e-24,1.375053699002388e-14,6.125826071211556e-17,1.8565305867047966e-12,0.0,0.7673469386152935,0.00262027040513949,7.490932392445806e-08,6.394483816455425e-10,2.8510944867185903e-05,8.863293985780318e-08,3.4904025567237586e-12,1.2528287560729313e-09,1.2528287560729313e-09,1.2528287560729313e-09,5.599232278020619e-10,0.9973510501461821
0.016,10.027419231548974,0.0019967453578483237,1002.7419228547503,101324.99999999999,5.637869039946728e-10,3.197103177703351e-14,2.6225635045532603e-14,0.20384639434120577,9.228125286376224e-14,0.00023523210305471124,5.7585774714917444e-09,1.2801915754898415e-10,1.1589605531768197e-32,5.769778048602672e-26,6.55387027004794e-20,5.398599368126586e-21,6.090939172491168e-09,0.02845380615234732,4.986322214341544e-14,0.00011761631256749034,2.9132309090771966e-21,1.4999207777035363e-23,2.5729933251673448e-14,9.832161917962629e-17,3.4603072203345683e-12,0.0,0.7673469385458156,0.0026400973610053997,8.220169484467277e-08,7.894109369453063e-10,3.1050954204614556e-05,8.922084838496248e-08,3.5335436509562596e-12,1.2588310902723827e-09,1.258831090272383e-09,1.258831090272383e-09,5.652426975897008e-10,0.9973286751273679
0.02,10.033128863572943,0.002395424578896167,1003.3128859484679,101324.99999999999,7.62369605706503e-10,3.836431117455107e-14,3.1540574208679175e-14,0.20379739444136835,1.2663578155476092e-13,0.00028423067369203646,6.928090903381005e-09,1.7753455147589513e-10,-3.8011753577606886e-33,7.226331598231338e-26,9.860231235168298e-20,8.18245712278553e-21,7.399575597247873e-09,0.028429305462464163,5.02735213630697e-14,0.000142115685965868,6.578203988139632e-21,3.0909482669204124e-23,4.345224367947394e-14,1.4546470552670763e-16,5.8215092813465524e-12,0.0,0.7673469384628269,0.0026603297656474386,8.923451383998382e-08,9.4284059074615e-10,3.345055053110243e-05,8.9820060350284e-08,3.577770588681852e-12,1.2649366635872004e-09,1.2649366635872006e-09,1.2649366635872006e-09,5.706803501481564e-10,0.9973060353171397
0.024,10.038918538856864,0.002793873872464933,1003.8918533491503,101325.0,9.936904635138575e-10,4.495836036608902e-14,3.7040922353451145e-14,0.2037477030231845,1.6661449386058172e-13,0.00033392073203581275,8.104003485498237e-09,2.344661888604347e-10,-6.984492279252206e-37,8.804102459038804e-26,1.4020442965734909e-19,1.1716382856375419e-20,8.741130141523218e-09,0.02840445898042716,5.069245976855549e-14,0.00016696081619646503,1.3344155663793878e-20,5.759316273812945e-23,6.824043835967036e-14,2.0347232741941012e-16,9.108390586270556e-12,0.0,0.7673469383653896,0.002680981135125212,9.608331307778432e-08,1.0998593094051792e-09,3.5739743769331807e-05,9.043093617980128e-08,3.623124692508509e-12,1.271148530913716e-09,1.2711485309137159e-09,1.271148530913716e-09,5.762403323451408e-10,0.9972830871134889
0.028,10.044790433965288,0.0031920902440555573,1004.4790427119312,101324.99999999999,1.2597575719201506e-09,5.1762408862320485e-14,4.273567235279206e-14,0.2036973012153099,2.1233116259270754e-13,0.0003843211486362761,9.286533829182832e-09,2.9858069355051183e-10,-6.274146476557274e-36,1.0513386122473224e-25,1.9128128002235497e-19,1.609041534266671e-20,1.011681648883797e-08,0.028379257268801916,5.1120333120181524e-14,0.00019216113908193162,2.496135807302357e-20,9.95912269777267e-23,1.015202140174358e-13,2.731894700477434e-16,1.3500272462902862e-11,0.0,0.7673469382525212,0.002702065643253753,1.0280340612795026e-07,1.2605949206887855e-09,3.7940217250098735e-05,9.105385345176998e-08,3.669649481013576e-12,1.2774698902880378e-09,1.2774698902880378e-09,1.2774698902880378e-09,5.819269974250208e-10,0.9972597946034361
0.032,10.050746813806706,0.0035900706204497843,1005.0746805262714,101324.99999999997,1.562714826706524e-09,5.878623885360393e-14,4.863437683641575e-14,0.20364616937852928,2.6390781195832593e-13,0.0004354515618277927,1.047591080185814e-08,3.6964675522844767e-10,-1.3502977078817874e-32,1.2365404142353063e-25,2.528416283144298e-19,2.1401445004107177e-20,1.1527862947984211e-08,0.02835369050615993,5.155745129172817e-14,0.00021772647439882468,4.381998017137283e-20,1.6258182678444517e-22,1.448277434478599e-13,3.5552490074608903e-16,1.9188263337570737e-11,0.0,0.7673469381231924,0.0027235981532683037,1.094371525235611e-07,1.425181478626506e-09,4.0068272290935896e-05,9.168920762742674e-08,3.7173907910384034e-12,1.283904086950567e-09,1.2839040869505671e-09,1.283904086950567e-09,5.877449161373424e-10,0.9972361265795248
0.036000000000000004,10.056790036493938,0.003987811846575291,1005.6790026019935,101324.99999999999,1.9048526525373725e-09,6.604022447490827e-14,5.4747189572293414e-14,0.2035942870634331,3.2147527002632247e-13,0.00048733242004514346,1.1672374107451043e-08,4.474351171408628e-10,2.968449886585617e-32,1.4372397097126105e-25,3.259722070979215e-19,2.775373693770847e-20,1.2975513246859322e-08,0.028327748465913148,5.2004139143656006e-14,0.00024366704704063466,7.309589520612659e-20,2.5355223802733938e-22,1.9981789153964463e-13,4.514550108495689e-16,2.6376007779166532e-11,0.0,0.7673469379763223,0.0027455942553411537,1.1601822526238947e-07,1.5937596548888084e-09,4.2136560305111415e-05,9.233741295359885e-08,3.766396918771493e-12,1.290454619394984e-09,1.290454619394984e-09,1.290454619394984e-09,5.936988894478604e-10,0.9972120547659273
0.04,10.062922558519773,0.0043853106822008565,1006.2922545868382,101325.00000000003,2.2886197187316384e-09,7.353537440081532e-14,6.108491047032924e-14,0.20354163296535827,3.851737660386234e-13,0.00053998502687797,1.2876174907556123e-08,5.317185627943628e-10,-2.1073584066133553e-31,1.6547728121596383e-25,4.118435624943914e-19,3.5259494138738815e-20,1.446102741915693e-08,0.02830142049377848,5.2460737461328847e-14,0.0002699935095505414,1.1691791449179906e-19,3.809930565925885e-22,2.6827292874849976e-13,5.620279137643102e-16,3.5280466228345306e-11,0.0,0.7673469378107726,0.002768070308815292,1.225742676919703e-07,1.7664771592632865e-09,4.4155161721577116e-05,9.299890349589285e-08,3.816718777092575e-12,1.2971251467680264e-09,1.2971251467680264e-09,1.2971251467680262e-09,5.997939626253828e-10,0.9971875526946284
0.044,10.069146940287988,0.00478256379845019,1006.914692519561,101324.99999999999,2.7166357498642143e-09,8.12833781184853e-14,6.765903459722639e-14,0.20348818487619863,4.551535771582482e-13,0.0005934315892518,1.4087576489191147e-08,6.222719018458604e-10,1.4264389749143684e-31,1.8905998396447071e-25,5.117163589365402e-19,4.4039464966258214e-20,1.598568279786226e-08,0.02827469548367869,5.2927603965132383e-14,0.0002967169662177644,1.805591634347818e-19,5.551172021825584e-22,3.521117763421769e-13,6.88367820878236e-16,4.613272683347088e-11,0.0,0.7673469376253437,0.002791043488799474,1.2912862755241563e-07,1.9434891925282194e-09,4.613228963891033e-05,9.367413428726011e-08,3.868410068681158e-12,1.3039194973473133e-09,1.3039194973473133e-09,1.3039194973473133e-09,6.06035440668828e-10,0.9971625949534483
0.048,10.075465852065891,0.005179567774120596,1007.5465834251785,101325.0,3.191705552387717e-09,8.92966562886342e-14,7.448180565177446e-14,0.20343391963255877,5.315757299787052e-13,0.0006476952692560608,1.5306854987979374e-08,7.188719556344082e-10,3.282130673923551e-31,2.146317601082732e-25,6.269481895727302e-19,5.422359942718856e-20,1.7550775134164355e-08,0.02824756185181972,5.340511440187982e-14,0.00032384899899753835,2.7065562806507935e-19,7.881065927450871e-22,4.533998213706231e-13,8.316797201107443e-16,5.917885099849312e-11,0.0,0.7673469374187784,0.002814531837209111,1.3570153436905126e-07,2.124958935674724e-09,4.807476642548428e-05,9.436358259107154e-08,3.921527475557648e-12,1.3108416780138976e-09,1.3108416780138976e-09,1.310841678013898e-09,6.124289051419409e-10,0.997137156657215
0.052000000000000005,10.081882080263258,0.00557631909179689,1008.188205942856,101324.99999999999,3.7168343724062664e-09,9.758841546599067e-14,8.156627424481324e-14,0.20337881306106415,6.146127604163959e-13,0.0007028002388436379,1.653430014886338e-08,8.212975397579308e-10,2.2333344582391388e-32,2.4236740151758846e-25,7.590009415718988e-19,6.595175913343793e-20,1.9157619819904407e-08,0.028220007509328952,5.389366371489778e-14,0.0003514016948690155,3.9545523545919615e-19,1.0943896721944738e-21,5.743593363027234e-13,9.932543810184022e-16,7.468075356350385e-11,0.0,0.7673469371897387,0.002838554317909396,1.4231092651562824e-07,2.3110580752851315e-09,4.9988356910973855e-05,9.50677492651812e-08,3.9761308648640184e-12,1.3178958845321658e-09,1.3178958845321664e-09,1.3178958845321662e-09,6.189802323561915e-10,0.9971112130586024
0.056,10.088398534290057,0.005972814133740924,1008.8398510116666,101324.99999999997,4.295244762117342e-09,1.0617270789401482e-13,8.892636171959158e-14,0.20332283991862257,7.044495412035375e-13,0.0007587717395396766,1.7770216166117063e-08,9.293294478486005e-10,-3.838822059306894e-32,2.7245842529538453e-25,9.094487785591397e-19,7.93744869954972e-20,2.0807553284970335e-08,0.02819201983239108,5.439366731767908e-14,0.00037938767569647985,5.651012437868738e-19,1.4909533740015245e-21,7.17380555959943e-13,1.1744737217036527e-15,9.291712044422836e-11,0.0,0.7673469369368169,0.0028631308770513675,1.4897305025579957e-07,2.50196737486342e-09,5.1878007781264904e-05,9.578716025735442e-08,4.032283514056546e-12,1.3250865128931595e-09,1.3250865128931595e-09,1.3250865128931597e-09,6.256956132371541e-10,0.9970847392478019
0.06,10.0950182537816,0.006369049177549432,1009.5018225931038,101324.99999999999,4.930395087524574e-09,1.1506449661253347e-13,9.657692985970742e-14,0.20326597382944742,8.012841801282569e-13,0.0008156361454265829,1.9014922565242245e-08,1.0427504315060848e-09,-2.4240218100888486e-34,3.0511488362297686e-25,1.0799868005754443e-18,9.465384262315155e-20,2.2501934517680538e-08,0.028163585630741794,5.490556246033046e-14,0.00040782012973138843,7.919541128079202e-19,1.9976934885997678e-21,8.850334487436602e-13,1.376816565386072e-15,1.1418436420608493e-10,0.0,0.7673469366585115,0.0028882825079855684,1.5570290567068937e-07,2.697877289218763e-09,5.3748023630811346e-05,9.652236820971901e-08,4.0900523548904825e-12,1.3324181714639382e-09,1.3324181714639382e-09,1.3324181714639382e-09,6.325815747340717e-10,0.9970577099111069
0.064,10.101744416640434,0.006765020391535573,1010.1744384752504,101324.99999999999,5.6259999218777635e-09,1.2427972696156726e-13,1.0453385757482471e-13,0.20320818721501313,9.053290029648984e-13,0.0008734210331395144,2.026875520091986e-08,1.161345184078293e-09,-1.5617786153117127e-34,3.4056739809339417e-25,1.2724404655683005e-18,1.1196431158987537e-19,2.4242146831310642e-08,0.028134691112659423,5.542980973103633e-14,0.00043671284661788714,1.0909565691932434e-18,2.637807948616956e-21,1.080080253200153e-12,1.6018648370022973e-15,1.3879762191068048e-10,0.0,0.767346936353254,0.002914031322763589,1.6251458780032576e-07,2.898988638003003e-09,5.5602199252880844e-05,9.727395423032963e-08,4.149508241728715e-12,1.339895694474697e-09,1.339895694474697e-09,1.339895694474697e-09,6.396450033675001e-10,0.9970300991267725
0.068,10.108580346952634,0.00716072382987651,1010.8580310644093,101325.00000000001,6.386052405344193e-09,1.3383540388395756e-13,1.1281412422583369e-13,0.2031494512249294,1.0168116136908651e-12,0.0009321552510501147,2.1532067206507015e-08,1.2849003091600712e-09,-1.6304628756482317e-35,3.7906944430688495e-25,1.4887758279653637e-18,1.3149379423431822e-19,2.602959963479178e-08,0.02810532185035257,5.5966894624351926e-14,0.0004660802519984479,1.4800470003848574e-18,3.438237918712949e-21,1.3054887940381566e-12,1.851310210550955e-15,1.6709179200904332e-10,0.0,0.7673469360193313,0.0029404006268392052,1.694215535078225e-07,3.105513314725384e-09,5.7443920684235744e-05,9.804252972515462e-08,4.210726237295068e-12,1.3475241557616808e-09,1.347524155761681e-09,1.3475241557616808e-09,6.468931700031284e-10,0.9970018801890049
0.07200000000000001,10.115529524721447,0.0075561554274274885,1011.5529483584442,101325.00000000001,7.214849053589894e-09,1.4374967820950024e-13,1.2143590254279204e-13,0.20308973565234653,1.135976071993113e-12,0.0009918690037751614,2.2805230228878515e-08,1.413204309290137e-09,-2.6109119092044846e-32,4.208999325149317e-25,1.7311107424482112e-18,1.5344468810495044e-19,2.786573071783372e-08,0.028075462737695282,5.651732934060226e-14,0.0004959374497764184,1.9806271495585813e-18,4.430162547536827e-21,1.5644467198204553e-12,2.1269613186028732e-15,1.9942262252274687e-10,0.0,0.7673469356549455,0.0029674150049857277,1.764368372393004e-07,3.3176750917293707e-09,5.9276244133193173e-05,9.88287385306079e-08,4.2737859356676215e-12,1.3553088850708861e-09,1.3553088850708861e-09,1.3553088850708861e-09,6.543337581356667e-10,0.9969730254428968
0.076,10.122595594839694,0.007951310994254026,1012.259554844025,101324.99999999999,8.117016940855783e-09,1.5404193933401136e-13,1.3041865912279465e-13,0.20302900885552488,1.2630841557875916e-12,0.001052593930713536,2.4088635502268923e-08,1.5460475451003736e-09,-6.484339052437072e-34,4.663661111824004e-25,2.00172706051297e-18,1.780350673753513e-19,2.9752008387623035e-08,0.02804509795093126,5.708165461634798e-14,0.0005263002614025483,2.6180903785090246e-18,5.649553342017583e-21,1.8603766161558344e-12,2.43075148749897e-15,2.3616783876246477e-10,0.0,0.7673469352580842,0.002995100408595837,1.8357322780109541e-07,3.5357104505916808e-09,6.110195803643971e-05,9.96332590410972e-08,4.338771800777398e-12,1.3632554839060927e-09,1.3632554839060923e-09,1.3632554839060916e-09,6.619748929606742e-10,0.9969435061348911
0.08,10.129782379630786,0.00834618620974513,1012.9782327506375,101324.99999999997,9.097544250427715e-09,1.647329210133104e-13,1.3978326862319285e-13,0.20296723764859775,1.3984167968249038e-12,0.0011143632148498206,2.538269549210635e-08,1.6832222472189332e-09,-4.084945690910726e-32,5.158068698506748e-25,2.303084096558343e-18,2.0549998524021742e-19,3.168993463375091e-08,0.02801421089428399,5.766044195075269e-14,0.0005571852802737815,3.4224185730187424e-18,7.13779623295885e-21,2.196952332114924e-12,2.7647472366580258e-15,2.777283453418036e-10,0.0,0.7673469348269094,0.0030234842622185666,1.9084342091055176e-07,3.759869572829092e-09,6.292363353651574e-05,1.0045680686914003e-07,4.405773563926893e-12,1.3713698460890977e-09,1.3713698460890977e-09,1.3713698460890977e-09,6.69825176305939e-10,0.9969132922556088
0.084,10.137093887294663,0.008740776616473836,1013.7093828952837,101324.99999999994,1.0161813161394171e-08,1.758448107097521e-13,1.4955213357669245e-13,0.20290438722789253,1.5422755589125365e-12,0.0011772116570786092,2.6687844817488372e-08,1.8245224272528994e-09,8.397279434752914e-32,5.695964434715176e-25,2.637833193601267e-18,2.360928848631978e-19,3.3681047197372296e-08,0.027982784162722475,5.825429560821007e-14,0.0005886099089385896,4.428853992469895e-18,8.942387346236305e-21,2.5781160531110045e-12,3.131157266293458e-15,3.24529438535571e-10,0.0,0.7673469343591038,0.0030525955589148384,1.982601473186893e-07,3.990417262603544e-09,6.474366440307202e-05,1.0130013711145501e-07,4.474886609934859e-12,1.3796581740066647e-09,1.3796581740066649e-09,1.3796581740066647e-09,6.778937189118455e-10,0.9968823524044391
0.088,10.144534326301617,0.009135077613579628,1014.4534261217574,101325.0,1.1315637300460998e-08,1.8740137744930416e-13,1.5974932324791556e-13,0.20284042104642155,1.6949843613305225e-12,0.001241175801218203,2.8004542135855348e-08,1.969743886400904e-09,3.5113529574240236e-31,6.281486529100114e-25,3.0088339460666543e-18,2.700871706744573e-19,3.5726923364525855e-08,0.02795079947946646,5.886385524023855e-14,0.0006205924216017312,5.6786577382137485e-18,1.111771428027728e-20,3.008096954800856e-12,3.532342464482981e-15,3.770221224315194e-10,0.0,0.7673469338523106,0.0030824649857697584,2.0583629227801148e-07,4.22763411575967e-09,6.656430114956656e-05,1.0216404747203157e-07,4.546212451668328e-12,1.388127002563559e-09,1.3881270025635586e-09,1.3881270025635584e-09,6.86190181783934e-10,0.9968506536297906
0.092,10.152108118801921,0.009529084449719068,1015.2108046415669,101324.99999999999,1.2565302981063703e-08,1.9942811004141392e-13,1.7040072479892054e-13,0.20277530069677102,1.8568913359950775e-12,0.001306294051022736,2.9333271816915866e-08,2.118684181200353e-09,-1.7175227614968841e-34,6.919217116996664e-25,3.4191719927422028e-18,3.077779334867942e-19,3.7829183562242394e-08,0.02791823763745898,5.948979856353947e-14,0.0006531520226474542,7.21996359767528e-18,1.372593155498259e-20,3.4914310586516614e-12,3.970826722642418e-15,4.3568447360819745e-10,0.0,0.7673469333041912,0.0031131250518742284,2.1358500354935918e-07,4.471817730877229e-09,6.838767915001178e-05,1.0304938137858992e-07,4.6198592294322846e-12,1.3967832224966458e-09,1.396783222496646e-09,1.3967832224966462e-09,6.947248188213507e-10,0.99681816127288
0.096,10.159819913646212,0.009922792215607922,1015.9819833360824,101325.00000000001,1.3917614565922993e-08,2.119523676449841e-13,1.815342088895886e-13,0.2027089857981473,2.0283708392694644e-12,0.0013726067837949191,3.0674545530219754e-08,2.2711425556155154e-09,-8.249881596092489e-32,7.614236862875221e-25,3.872178553713053e-18,3.4948384663149235e-19,3.9989494861604515e-08,0.027885078442480848,6.013284416213686e-14,0.0006863089034932207,9.1087373872661e-18,1.683794104479921e-20,4.032982264969285e-12,4.4493086339197275e-15,5.010230430241301e-10,0.0,0.7673469327117437,0.003144610222104658,2.2151979183463537e-07,4.723283983937972e-09,7.021584215337352e-05,1.0395703120732018e-07,4.695942245132165e-12,1.4056341040234143e-09,1.4056341040234143e-09,1.405634104023414e-09,7.035085217971983e-10,0.9967848388103292
0.1,10.167674603972419,0.010316195835986567,1016.7674515150187,101325.0,1.5379946110074346e-08,2.250035516445106e-13,1.931798181661333e-13,0.20264143384199879,2.209825748132376e-12,0.0014401565037739505,3.202890450647645e-08,2.4269199362509832e-09,1.0359332461308251e-32,8.372187598223661e-25,4.371452242484311e-18,3.955492832723008e-19,4.220957595497163e-08,0.027851300636494134,6.079375484889887e-14,0.0007200843192719756,1.1409859720276634e-17,2.0534494351592366e-20,4.637965488854569e-12,4.970674516484327e-15,5.735743929796262e-10,0.0,0.7673469320722084,0.0031769570780195524,2.2965463143916095e-07,4.982368538373181e-09,7.20507633089671e-05,1.0488794223679728e-07,4.774584585341473e-12,1.4146873267298088e-09,1.4146873267298088e-09,1.414687326729809e-09,7.125528737780723e-10,0.9967506476721394
0.10400000000000001,10.175677343154158,0.01070929006108259,1017.5677245113827,101325.00000000001,1.696029791162107e-08,2.3861329174548956e-13,2.0536997290026888e-13,0.2025726000537153,2.4016899293216374e-12,0.0015089879811397485,3.3396921517068056e-08,2.5858188633158444e-09,-9.04442856217007e-35,9.199343664485756e-25,4.920883047004318e-18,4.463466471030482e-19,4.449120165018296e-08,0.02781688182805077,6.147334107876425e-14,0.0007545006583884992,1.4198340074253066e-17,2.4907427598178915e-20,5.311970994908484e-12,5.538012483561552e-15,6.53906651722061e-10,0.0,0.7673469313823345,0.0032102044808936148,2.3800405685586248e-07,5.249428397025705e-09,7.389436286911802e-05,1.0584311656752199e-07,4.855917775880554e-12,1.423951008315389e-09,1.423951008315389e-09,1.423951008315389e-09,7.218702039868121e-10,0.9967155470608551
0.108,10.183833564189513,0.011102069457448608,1018.3833456202344,101325.00000000003,1.8667360502614915e-08,2.528156559075728e-13,2.1813970298767817e-13,0.2025024372229071,2.6044310201611306e-12,0.0015791484212616237,3.477920333984516e-08,2.7476434553578657e-09,-3.821043945830927e-31,1.0102693889286365e-24,5.524679099059112e-18,5.022789751392978e-19,4.68362085243014e-08,0.027781798407659125,6.217246487457454e-14,0.0007895815271583634,1.7560684836324045e-17,3.0061050201332996e-20,6.060991006828461e-12,6.15462805336098e-15,7.42621197892377e-10,0.0,0.767346930638772,0.0032443937595049545,2.4658326252887583e-07,5.524843676462704e-09,7.574852436014404e-05,1.0682361768320572e-07,4.94008252625228e-12,1.4334337385036718e-09,1.4334337385036712e-09,1.4334337385036712e-09,7.314736506714967e-10,0.9966794937474944
0.112,10.192148999616863,0.01149452839816721,1019.2148880902803,101325.00000000001,2.0510585855581456e-08,2.6764738229619963e-13,2.3152690542782004e-13,0.20243089552984217,2.8185534859158206e-12,0.001650687638469746,3.617639326938976e-08,2.9121993466983753e-09,-4.897548501493479e-34,1.109003563680318e-24,6.187396385725703e-18,5.637828291586606e-19,4.924650079392594e-08,0.027746025460836068,6.289204403753496e-14,0.0008253518367364285,2.1596433559540264e-17,3.61137046238574e-20,6.89144817412287e-12,6.82406125362325e-15,8.403544119567248e-10,0.0,0.7673469298378031,0.003279568911407375,2.5540820435199495e-07,5.80901951847486e-09,7.761510892615646e-05,1.0783057529432097e-07,5.027229540313533e-12,1.4431446146196698e-09,1.4431446146196702e-09,1.4431446146196702e-09,7.41377228865761e-10,0.9966424418558265
0.116,10.200629704069168,0.011886661052334643,1020.0629573792355,101324.99999999996,2.250026758360471e-08,2.831481394229974e-13,2.4557263367511245e-13,0.20235792234858732,3.0446020376185527e-12,0.0017236582527594482,3.758917398528927e-08,3.07929363392006e-09,-5.5249603327893984e-33,1.2170083163159334e-24,6.913971955559954e-18,6.313315292125882e-19,5.1724057084756494e-08,0.027709536669712372,6.363305685866208e-14,0.0008618379015034504,2.641988745716105e-17,4.3199521988808303e-20,7.810226493042518e-12,7.550105572714395e-15,9.477795470403433e-10,0.0,0.7673469289754108,0.0033157768282540876,2.6449570671772416e-07,6.102388225199146e-09,7.949596867794401e-05,1.0886519077002795e-07,5.11752042367672e-12,1.4530932815852376e-09,1.4530932815852376e-09,1.4530932815852382e-09,7.515959062158146e-10,0.9966043426235873
0.12,10.209282078612338,0.012278461373771121,1020.9281935876172,101324.99999999996,2.464763102737776e-08,2.9936081654795445e-13,2.603214217258594e-13,0.20228346203444225,3.2831654317905177e-12,0.001798115902303568,3.901827064765713e-08,3.2487348109193545e-09,9.427914474110376e-32,1.3352592679911244e-24,7.70976102885055e-18,7.054387699651636e-19,5.427093785299607e-08,0.027672304206720833,6.439654728933111e-14,0.0008990675453652226,3.216205288819127e-17,5.14703990198475e-20,8.82470474827491e-12,8.336828916128471e-15,1.0656087083361482e-09,0.0,0.7673469280472448,0.00335306754306766,2.7386357572678263e-07,6.4054116071641995e-09,8.139295911075785e-05,1.0992874307364282e-07,5.21112868777915e-12,1.4632899753904501e-09,1.4632899753904504e-09,1.4632899753904504e-09,7.621456864148341e-10,0.9965651441426636
0.124,10.21811289741625,0.012669923088883657,1021.8112741257887,101325.00000000001,2.696493474297567e-08,3.1633184907288844e-13,2.758216483608364e-13,0.2022074556912014,3.534880710758287e-12,0.001874119476157107,4.046445429446033e-08,3.4203326971120246e-09,5.633418239390741e-35,1.4648507027671966e-24,8.580578588348855e-18,7.866626764796493e-19,5.6889293624461704e-08,0.027634298618179495,6.51836306599869e-14,0.0009370702181542844,3.8972827337209497e-17,6.109822696537742e-20,9.942792789371374e-12,9.18859685844137e-15,1.1945949564059284e-09,0.0,0.7673469270485532,0.00339149450373785,2.8353072062972555e-07,6.718583581206879e-09,8.330795091958416e-05,1.1102259531264616e-07,5.308240867203745e-12,1.473745570912076e-09,1.473745570912076e-09,1.4737455709120761e-09,7.730437016673572e-10,0.996524791073654
0.128,10.227129336954864,0.013061039683604175,1022.7129166339178,101325.00000000001,2.946558507613729e-08,3.3411158381096797e-13,2.92125947307551e-13,0.20212984091613242,3.8004379429068325e-12,0.0019517313692351353,4.1928545569895634e-08,3.59389835726056e-09,-1.7193626527101672e-31,1.6070123499515582e-24,9.532746097562077e-18,8.756103631755539e-19,5.958137414002708e-08,0.02759548869673094,6.59955000087004e-14,0.0009758771231743791,4.702345915943458e-17,7.227740781187997e-20,1.1172970964906006e-11,1.0110098501225967e-14,1.335534547732214e-09,0.0,0.7673469259741136,0.0034311148757130774,2.9351728529894323e-07,7.0424330486850345e-09,8.524284143137286e-05,1.1214820196700321e-07,5.409057764434447e-12,1.4844716344869322e-09,1.4844716344869322e-09,1.4844716344869326e-09,7.843083152347614e-10,0.9964832243316022
0.132,10.236339008936707,0.013451804389281072,1023.6338822749237,101325.00000000003,3.21642661175308e-08,3.5275469165915784e-13,3.0929167175434143e-13,0.2020505515124075,4.080585558843808e-12,0.0020310177696526814,4.341141895651784e-08,3.769244027281627e-09,1.0398452982413134e-32,1.7631289149403573e-24,1.0573144205922768e-17,9.729430800731082e-19,6.234953878307263e-08,0.02755584133760296,6.68334331822999e-14,0.0010155213609279266,5.650931833271538e-17,8.522770035420208e-20,1.252433325234969e-11,1.1106375396596488e-14,1.4892693465279302e-09,0.0,0.7673469248183267,0.0034719898817418054,3.038447927277174e-07,7.377527122301365e-09,8.719956604222209e-05,1.1330711700065377e-07,5.513795849969246e-12,1.4954804829413916e-09,1.495480482941392e-09,1.495480482941392e-09,7.959592365686901e-10,0.9964403807346653
0.136,10.245749994684674,0.013842210167492645,1024.5749791724286,101324.99999999997,3.507708637825304e-08,3.7232062942950304e-13,3.273814166109842e-13,0.2019695171888992,4.376136290442614e-12,0.0021120489591142473,4.49140071599378e-08,3.946182998448429e-09,-1.9959669324099516e-30,1.9347628403989552e-24,1.1709272045618173e-17,1.079382007504841e-18,6.519626761096183e-08,0.027515321388306833,6.769880055831489e-14,0.0010560380793895304,6.76530143871954e-17,1.0019743951544676e-19,1.4006633978760285e-11,1.218285367863973e-14,1.6566893667781417e-09,0.0,0.7673469235748944,0.0035141851711837273,3.1453630182595706e-07,7.724474649293426e-09,8.918010928556103e-05,1.1450100260741999e-07,5.6226888075890835e-12,1.506785246489054e-09,1.506785246489054e-09,1.5067852464890535e-09,8.080176471431524e-10,0.9963961926235557
0.14,10.255370886123172,0.014232249693556976,1025.537066509269,101324.99999999955,3.822174682536123e-08,3.9287416807693166e-13,3.4646361651267384e-13,0.20188666320155024,4.687973946545799e-12,0.002194899670875892,4.643730641984424e-08,4.124529541911145e-09,-1.3324859972423303e-29,2.123680951219082e-24,1.2949314707684752e-17,1.1957148527882133e-18,6.812417461387125e-08,0.027473891469591494,6.859307393723629e-14,0.0010974646530507149,8.070791899960157e-17,1.174671938311029e-19,1.5630339654092e-11,1.33453804234398e-14,1.838735578658468e-09,0.0,0.7673469222372988,0.003557771245637889,3.2561658440128024e-07,8.083930254135549e-09,9.118651673020672e-05,1.157316393429777e-07,5.735989304209049e-12,1.518399942212793e-09,1.5183999422127935e-09,1.5183999422127948e-09,8.205063450509112e-10,0.996350587423836
0.14400000000000002,10.265210826957757,0.014621915338760524,1026.5210586455776,101325.00000000007,4.161773027542927e-08,4.1448598299966116e-13,3.6661321805118716e-13,0.2018019099951161,5.0170609341287505e-12,0.0022796494489639783,4.798238177684946e-08,4.304098755449554e-09,1.8773057420168245e-29,2.331885679329383e-24,1.4302219293736798e-17,1.3228032927441587e-18,7.113602116696146e-08,0.027431511795650707,6.951783608183918e-14,0.001139840862652002,9.596212614630316e-17,1.3735391066872612e-19,1.7406684667486933e-11,1.4600263995007734e-14,2.0364028065317694e-09,0.0,0.7673469207976933,0.003602823915163538,3.37112317168935e-07,8.456598699295105e-09,9.32209063915074e-05,1.1700093684648871e-07,5.853970930021434e-12,1.5303395504045852e-09,1.5303395504045862e-09,1.5303395504045858e-09,8.334499012624974e-10,0.9963034871780707
0.148,10.275279562091276,0.015011199151027218,1027.5279300600266,101325.00000000004,4.528652008841722e-08,4.3723333244684204e-13,3.8791245327783486e-13,0.20171517276959983,5.364446877498204e-12,0.002366383080517872,4.95503734758858e-08,4.484706452973825e-09,-1.7616265782115487e-32,2.5616518504141022e-24,1.5777781943340366e-17,1.46159149321914e-18,7.423473234401932e-08,0.02738813995789151,7.047479175608625e-14,0.0011832091114274252,1.137429442572405e-16,1.6021564676920715e-19,1.934773385167413e-11,1.5954319978031157e-14,2.2507429979492263e-09,0.0,0.767346919247864,0.0036494248267464197,3.490523008821926e-07,8.843239918134686e-09,9.528548148116465e-05,1.1831094633156702e-07,5.976930431369026e-12,1.5426201042690854e-09,1.5426201042690862e-09,1.5426201042690854e-09,8.46874840088379e-10,0.9962548080043748
0.152,10.28558749151918,0.015400092833895122,1028.558720739334,101324.99999999999,4.925184966118351e-08,4.612008287621322e-13,4.1045172247204524e-13,0.2016263610100281,5.731278369840465e-12,0.002455191066215379,5.114250396338833e-08,4.6661690285767e-09,-1.2851016741285459e-31,2.8155701147810193e-24,1.738674702572862e-17,1.6131158266726858e-18,7.742341479360103e-08,0.02734373068954953,7.14657800173447e-14,0.0012276146604479619,1.3442196540564536e-16,1.8645696049607985e-19,2.1466450850625803e-11,1.7414922938100128e-14,2.48286870283061e-09,0.0,0.7673469175787945,0.003697662052663767,3.614677051168024e-07,9.244674626188674e-09,9.73825436780348e-05,1.196638744152974e-07,6.10519022175412e-12,1.555258788604293e-09,1.555258788604293e-09,1.5552587886042934e-09,8.608098407323155e-10,0.9962044594945134
0.156,10.29614572897159,0.015788587723665537,1029.6145420423206,101324.99999999997,5.353998863521622e-08,4.864813164481547e-13,4.3433060330194756e-13,0.20153537797391866,6.1188100142685516e-12,0.002546170132812514,5.276008548525665e-08,4.848303280419279e-09,9.342978846697605e-32,3.0965983531121878e-24,1.9140920448875086e-17,1.778515980754668e-18,8.0705376386848e-08,0.02729823560923774,7.249278791266451e-14,0.0012731058850346973,1.5842080470966647e-16,2.165350744534932e-19,2.3776773504339386e-11,1.899006486647539e-14,2.733956833627616e-09,0.0,0.7673469157803778,0.0037476307460762317,3.74392342607299e-07,9.661790587079924e-09,9.951450707272045e-05,1.210620984499704e-07,6.239101209643682e-12,1.5682740483866939e-09,1.5682740483866935e-09,1.5682740483866939e-09,8.752859626850404e-10,0.9961523440440733
0.16,10.306966168463068,0.016176674764474444,1030.6965833546778,101324.99999999999,5.818007320851346e-08,5.131768806064688e-13,4.596590134417389e-13,0.20144212010938745,6.528417047756861e-12,0.002639423814672574,5.4404528746247255e-08,5.030926231270865e-09,-2.8037773496428665e-30,3.408122427308196e-24,2.1053299856577823e-17,1.959047730128848e-18,8.408414863863265e-08,0.027251602929997565,7.355796603334473e-14,0.001319734565678027,1.8621761343934989e-16,2.509669417326465e-19,2.6293697729959525e-11,2.068842170288268e-14,3.0052527988691343e-09,0.0,0.7673469138414454,0.0037994338857935146,3.878629810155431e-07,1.0095549726927467e-08,0.0001016839134693194,1.2250818391895875e-07,6.379046024749965e-12,1.5816857118271573e-09,1.5816857118271577e-09,1.5816857118271573e-09,8.903369020558932e-10,0.996098356092049
0.164,10.318061558553342,0.016564344481052092,1031.8061195148343,101325.0,6.320448764734319e-08,5.4140000557482e-13,4.865585512600227e-13,0.20134647640578307,6.961609772395868e-12,0.002735063102943331,5.607735260254175e-08,5.213854925549654e-09,-3.5476013211528635e-31,3.7540313050912325e-24,2.3138224491240193e-17,2.15609764720279e-18,8.756351188710198e-08,0.02720377713448288,7.466364608331732e-14,0.0013675562128120991,2.1835447485138955e-16,2.9033736409075434e-19,2.903337064977627e-11,2.2519429081225104e-14,3.2980750136224135e-09,0.0,0.7673469117495763,0.003853183117608831,4.019196968248722e-07,1.0546996178625963e-08,0.0001038934490362796,1.2400490401634173e-07,6.5254426905839665e-12,1.5955151282706403e-09,1.5955151282706403e-09,1.5955151282706403e-09,9.059992818006113e-10,0.9960423812624868
0.168,10.329445585563594,0.016951586948897958,1032.9445191353389,101324.99999999999,6.864930653643821e-08,5.712749104441485e-13,5.151640469587009e-13,0.20124832766598355,7.42005010385718e-12,0.0028332071729901638,5.7780194943345425e-08,5.3969061993006785e-09,-2.137055025517305e-31,4.138800023049876e-24,2.541154825099284e-17,2.3712001009115097e-18,9.114752366776419e-08,0.027154698610984605,7.581236079290784e-14,0.0014166304307453882,2.5544582026212566e-16,3.353083448257776e-19,3.201319441215036e-11,2.4493368841860615e-14,3.6138198497735876e-09,0.0,0.7673469094909249,0.0039089997081306485,4.1660627867830586e-07,1.1017265407076737e-08,0.00010614596259021563,1.2555526177081211e-07,6.67874881935479e-12,1.6097853233643805e-09,1.60978532336438e-09,1.6097853233643805e-09,9.223129814999272e-10,0.9959842953919251
0.17200000000000001,10.341132967116293,0.017338391761557517,1034.1132539565506,101324.99999999999,7.455480913079765e-08,6.029390936484078e-13,5.456253633646726e-13,0.2011475456881501,7.905570609596772e-12,0.0029339842023116606,5.951482495404548e-08,5.579896420406364e-09,2.0733847560425236e-31,4.567599265429015e-24,2.789084019895829e-17,2.6060569651962643e-18,9.484055077957386e-08,0.02710430324417396,7.70068665594274e-14,0.0014670213268673433,2.9818802444113266e-16,3.866298947887262e-19,3.5251942268832456e-11,2.662146814686555e-14,3.953967086155938e-09,0.0,0.7673469070500385,0.003967015629468528,4.3197068880442955e-07,1.1507594593133203e-08,0.00010844448582687755,1.2716251511868115e-07,6.8394664185626225e-12,1.6245211741666398e-09,1.6245211741666398e-09,1.6245211741666402e-09,9.393215132235755e-10,0.995923963423981
0.176,10.353139557591264,0.017724747994638475,1035.3139093919137,101324.99999999999,8.096607959676521e-08,6.365451254835335e-13,5.781094939105659e-13,0.20104399234323858,8.420196483576063e-12,0.0030375322926765513,6.128315697524396e-08,5.762641194635677e-09,5.895453418869678e-33,5.046420089109685e-24,3.0595617675088825e-17,2.8625605476374848e-18,9.864730560729154e-08,0.0270525219536847,7.825016926793333e-14,0.0015187979730084463,3.473703681178222e-16,4.4515255466623575e-19,3.876988873214111e-11,2.8916013385972863e-14,4.320085927033304e-09,0.0,0.7673469044096103,0.004027374796564407,4.480655928325436e-07,1.2019334485517977e-08,0.00011079225584927291,1.2883020540559543e-07,7.008147416364677e-12,1.6397496073486413e-09,1.6397496073486417e-09,1.6397496073486417e-09,9.570724512671706e-10,0.9958612381489238
0.18,10.365482467340595,0.018110644166151636,1036.5481964490511,101325.00000000003,8.793371007252021e-08,6.722627358015608e-13,6.128030158374083e-13,0.2009375185317475,8.96617099743585e-12,0.003144000512942556,6.308726621243627e-08,5.944955031970512e-09,-1.0125417538306148e-31,5.5822282564392854e-24,3.3547618284634313e-17,3.1428203603731528e-18,1.0257288737716606e-07,0.026999280172297302,7.95455538292728e-14,0.0015720349271910446,4.0388759191120086e-16,5.118419525858416e-19,4.258895600625274e-11,3.139048150650754e-14,4.713841672769978e-09,0.0,0.7673469015502096,0.004090234483034212,4.649489703873585e-07,1.255396297155298e-08,0.00011319274040346575,1.3056218988175704e-07,7.185400034125296e-12,1.6554998241630676e-09,1.6554998241630676e-09,1.6554998241630684e-09,9.756179250279208e-10,0.9957959587619366
0.184,10.378180198026948,0.018496068192687044,1037.8179652631227,101324.99999999997,9.551462737583945e-08,7.102812550268462e-13,6.499149702295269e-13,0.20082796299932465,9.54598509013244e-12,0.0032535500829123497,6.492940661454708e-08,6.1266509681708656e-09,5.904934464619488e-34,6.183151992495955e-24,3.677111846516062e-17,3.449194497533334e-18,1.0662282918071361e-07,0.026944497253536877,8.089661810032226e-14,0.0016268128259585607,4.687543094208596e-16,5.87795785556816e-19,4.673287930674766e-11,3.4059691966744635e-14,5.1370031424216005e-09,0.0,0.7673468984499957,0.004155766947512558,4.82684821650699e-07,1.3113100673119901e-08,0.00011564966632677318,1.3236267889392925e-07,7.371896164292663e-12,1.6718035568079192e-09,1.6718035568079188e-09,1.6718035568079184e-09,9.950151864600918e-10,0.9957279492075622
0.188,10.391252796244016,0.018881007340879084,1039.1252204583393,101324.99999999999,1.0377306860643677e-07,7.508124781153693e-13,6.896802554418612e-13,0.2007151509921655,1.0162411878062446e-11,0.0033663557174088616,6.681203121927319e-08,6.307540128408742e-09,-2.6166772254452732e-30,6.858712009002898e-24,4.0293307950485854e-17,3.784326545079602e-18,1.1080315157572883e-07,0.026888085799071818,8.230731191619595e-14,0.0016832190568897502,5.431215950115795e-16,6.742636951666628e-19,5.122739393035314e-11,3.693998306636957e-14,5.59145094131803e-09,0.0,0.7673468950842715,0.004224161305643267,5.013439874706581e-07,1.3698528910877656e-08,0.00011816705168875981,1.3423627852044453e-07,7.56837993595774e-12,1.688695360832046e-09,1.688695360832046e-09,1.6886953608320467e-09,1.0153272648979366e-09,0.9956570162746925
0.192,10.404722029232817,0.019265448173493273,1040.4721387189206,101324.99999999999,1.1278173796225702e-07,7.940940409373159e-13,7.323636446832223e-13,0.20059889271847264,1.0818547096555498e-11,0.0034826071640520913,6.873781549058119e-08,6.487431231523425e-09,8.621351182664524e-32,7.620103227233022e-24,4.4144731940471295e-17,4.151189195803805e-18,1.1512042412667209e-07,0.026829950889167935,8.378198225182482e-14,0.001741348528049491,6.282961366721138e-16,7.726706235831297e-19,5.610044801586207e-11,4.0049417477631405e-14,6.079186734145909e-09,0.0,0.7673468914250923,0.004295625696782294,5.210051062273298e-07,1.4312210506569343e-08,0.00012074924243710622,1.3618803973376552e-07,7.775677709377083e-12,1.7062129508030606e-09,1.7062129508030606e-09,1.7062129508030604e-09,1.0366237267223334e-09,0.9955829473921869
0.196,10.418611586074734,0.019649376489371834,1041.86108890763,101324.99999999996,1.2262318402918852e-07,8.403934167300332e-13,7.782645625204655e-13,0.2004789815866791,1.151785667030405e-11,0.0036025109642202824,7.070968411155673e-08,6.666130019211681e-09,-8.082571459257239e-33,8.480546559102883e-24,4.835981535374666e-17,4.553135999894748e-18,1.1958183612359503e-07,0.02676998920142256,8.532542562165727e-14,0.0018013045491419002,7.257624147106011e-16,8.846443640299444e-19,6.138244515587575e-11,4.340802262829732e-14,6.602343658691791e-09,0.0,0.7673468874407099,0.0043703897988413894,5.417557342518144e-07,1.4956313941472875e-08,0.00012340095427937234,1.3822351522499797e-07,7.994709777808632e-12,1.724397586346421e-09,1.724397586346421e-09,1.724397586346421e-09,1.0589815593052555e-09,0.9955055080709481
0.2,10.432947308998953,0.020032777256342484,1043.294655195581,101324.99999999997,1.3339144743584378e-07,8.900126685781747e-13,8.277227908200732e-13,0.2003551921794658,1.2264232919212366e-11,0.0037262924780093014,7.273084187114011e-08,6.843438596216471e-09,2.2043162624250056e-32,9.455724028951161e-24,5.29774872568269e-17,4.993963051731447e-18,1.2419527817826019e-07,0.026708087997351873,8.694294913395758e-14,0.0018631998447942875,8.372084721623392e-16,1.0120481962494046e-18,6.710652218967458e-11,4.7038073008549574e-14,7.163198070637493e-09,0.0,0.7673468830949514,0.004448707759626046,5.636936637064319e-07,1.563324153130543e-08,0.00012612732080126738,1.4034882535782987e-07,8.226504128660246e-12,1.743294517919164e-09,1.7432945179191643e-09,1.7432945179191643e-09,1.082486203962678e-09,0.995424438923047
0.20400000000000001,10.447757460345576,0.020415634536023082,1044.7756637574319,101324.99999999994,1.4519404159225948e-07,9.432941285307038e-13,8.811253191578149e-13,0.2002272779149975,1.3062061278796575e-11,0.003854198221836662,7.480480941418111e-08,7.019154666101215e-09,-1.1856479500679975e-33,1.0564323671326396e-23,5.804192818763631e-17,5.4779828758618114e-18,1.2896943672751886e-07,0.026644123952467597,8.864044193284442e-14,0.001927157724328543,9.645559647984016e-16,1.157019715520773e-18,7.330886848269977e-11,5.096442312642934e-14,7.764182833591214e-09,0.0,0.7673468783464086,0.004530861628343614,5.869284799217072e-07,1.634566242622919e-08,0.00012893394901700657,1.4257073503602222e-07,8.472212699755126e-12,1.762953503608564e-09,1.7629535036085637e-09,1.762953503608564e-09,1.1072327682887127e-09,0.9953394521729966
0.20800000000000002,10.463073032185047,0.020797931399260713,1046.3072137319698,101324.99999999997,1.5815434664852465e-07,1.0006272198627578e-12,9.38914613661385e-13,0.20009496833394474,1.391629990404706e-11,0.003986498579950038,7.693546481977068e-08,7.193070643496907e-09,-9.708585761247073e-31,1.1828727907340702e-23,6.360346918449356e-17,6.010113383903313e-18,1.339139040020033e-07,0.02657796179917642,9.042445920104868e-14,0.001993313438686655,1.109995340963267e-15,1.3220172497857041e-18,8.00290945573077e-11,5.521490203061377e-14,8.407902427190947e-09,0.0,0.7673468731475219,0.004617165392249511,6.115834110664538e-07,1.709655144854162e-08,0.00013182698385565578,1.4489674371996437e-07,8.73313067936716e-12,1.7834294111160738e-09,1.7834294111160734e-09,1.7834294111160734e-09,1.1333274559843327e-09,0.9952502275546402
0.212,10.478928107365315,0.02117964983067348,1047.8927133251334,101324.99999999999,1.7241451953836488e-07,1.0624566992329007e-12,1.0015986559405702e-12,0.1999579659348399,1.4832575167372574e-11,0.004123490967118462,7.912709222855249e-08,7.36497262158888e-09,-6.740839633135366e-31,1.3275885507964258e-23,6.971967933351305e-17,6.595985574257525e-18,1.3903930668635766e-07,0.026509452743813226,9.230232145287773e-14,0.0020618157631980215,1.2760272060064114e-15,1.5098756299490423e-18,8.731065981706759e-11,5.982078316025778e-14,9.097150211652818e-09,0.0,0.7673468674436285,0.004707969750415781,6.377975370996492e-07,1.788923504285793e-08,0.0001348131834750467,1.4733519139371592e-07,9.010719543880343e-12,1.804782922623208e-09,1.804782922623208e-09,1.804782922623208e-09,1.1608892621494292e-09,0.9951564074596972
0.216,10.49536028051211,0.021560770620538874,1049.5359219080747,101325.0,1.881390497055543e-07,1.1292926645386111e-12,1.069763196097168e-12,0.1998159424836241,1.581729675498773e-11,0.004265503517238899,8.138443871369322e-08,7.53463914889569e-09,-4.8624686410050617e-32,1.4938428003040493e-23,7.64566881502276e-17,7.242074602502107e-18,1.4435745649782843e-07,0.026438432620333997,9.428223226154462e-14,0.002132828843632912,1.4655111396781649e-15,1.7238735229282406e-18,9.520136992933553e-11,6.481734617052379e-14,9.834928131439527e-09,0.0,0.7673468611712795,0.004803667776717382,6.657284389051494e-07,1.8727445818257262e-08,0.00013790000729578444,1.4989538361102479e-07,9.3066346704061e-12,1.8270813613196783e-09,1.8270813613196783e-09,1.827081361319678e-09,1.1900519902411401e-09,0.9950575911839158
0.22,10.512411154666983,0.02194127324179098,1051.2409996784286,101324.99999999997,2.055191354503014e-07,1.2017227949825573e-12,1.1440868164782791e-12,0.19966853465858567,1.6877797386575113e-11,0.0044128994355304,8.371278156880712e-08,7.701839800763372e-09,-7.456662584155664e-33,1.6856102041147702e-23,8.389080456372143e-17,7.95586039042358e-18,1.49881528375256e-07,0.026364719711794635,9.637341900018566e-14,0.0022065343744431076,1.681723643004201e-15,1.967815225695096e-18,1.0375395996124182e-10,7.024455333479148e-14,1.06244694680556e-08,0.0,0.7673468542567455,0.0049047016938004884,6.955553994327313e-07,1.9615387810282168e-08,0.000141095720098663,1.5258774036629027e-07,9.622758683139968e-12,1.8503996700783015e-09,1.8503996700783019e-09,1.8503996700783008e-09,1.2209666709568687e-09,0.9949533280455846
0.224,10.530126927655214,0.02232113570949954,1053.0125662940131,101324.99999999993,2.2477810306735607e-07,1.2804274102170873e-12,1.2253595665475954e-12,0.1995153389079049,1.8022503359981726e-11,0.004566082137760802,8.611800799142378e-08,7.866333479779933e-09,2.297248202080416e-30,1.9077636642921093e-23,9.211051095313418e-17,8.746025624407021e-18,1.5562627160593484e-07,0.02628811217772859,9.858630175400162e-14,0.0022831341710387526,1.9284272309211736e-15,2.246130583117498e-18,1.1302678004127815e-10,7.614786784473179e-14,1.146926509583365e-08,0.0,0.767346846613854,0.005011571007945391,7.274832914185208e-07,2.0557814889680895e-08,0.0001444095153069865,1.5542397389854347e-07,9.961241924337796e-12,1.8748215728805354e-09,1.8748215728805354e-09,1.8748215728805354e-09,1.2538044755139742e-09,0.994843109123237
0.228,10.548559089787636,0.022700334419576626,1054.8557706391166,101324.99999999997,2.4617816807118086e-07,1.3661981359795105e-12,1.3145061901992802e-12,0.19935590532661335,1.9261144230179017e-11,0.0047255013690424685,8.860671022585672e-08,8.027866396966131e-09,1.5106501120344009e-30,2.1663182374179325e-23,1.012189369581001e-16,9.622701624458052e-18,1.616082620056676e-07,0.02620838499102003,1.0093269747747801e-13,0.0023628532325077707,2.2099533065570763e-15,2.563997851735792e-18,1.2308460710717343e-10,8.257925045902724e-14,1.2373094018075726e-08,0.0,0.7673468381415034,0.005124842348240463,7.617473330915737e-07,2.1560125643009394e-08,0.0001478516621999459,1.5841730257132197e-07,1.0324551922479462e-11,1.900440963085514e-09,1.9004409630855134e-09,1.9004409630855134e-09,1.2887602492502477e-09,0.9947263572641905
0.232,10.56776525799131,0.023078843962736097,1056.7763742327174,101324.99999999996,2.7002893298063475e-07,1.4599612086665377e-12,1.4126152958508346e-12,0.19918973033947124,2.0605012375686816e-11,0.0048916605159741115,9.118629960281223e-08,8.186169643577624e-09,1.0744699785005832e-31,2.4687537393944123e-23,1.1133695056542642e-16,1.0597775866906545e-17,1.678462043544143e-07,0.02612528627714257,1.0342606826075101e-13,0.002445943401872653,2.531302118155894e-15,2.9274957734122648e-18,1.3399961026382507e-10,8.959838078030828e-14,1.3340058948070802e-08,0.0,0.767346828720201,0.005245161439919298,7.986189442888881e-07,2.262847885654489e-08,0.00015143368249702084,1.6158270963501052e-07,1.0715534262802255e-11,1.927363571764244e-09,1.927363571764244e-09,1.9273635717642446e-09,1.326056824613791e-09,0.994602414928388
0.23600000000000002,10.587810181032069,0.02345663690873968,1058.7808517445374,101324.99999999999,2.9669816031723316e-07,1.5628068191361726e-12,1.520976307020174e-12,0.19901624787551983,2.206728697420994e-11,0.005065125425502571,9.386514448504884e-08,8.340956272421473e-09,-1.1196207943859123e-31,2.8244457175831553e-23,1.2260705268010145e-16,1.168527983371231e-17,1.7436129839128476e-07,0.02603853289881774,1.0608182556062781e-13,0.0025326877808263958,2.898264155258284e-15,3.343793229336089e-18,1.458525077499414e-10,9.727416536057557e-14,1.4374628135128235e-08,0.0,0.7673468182079358,0.00537326778895453,8.384130162134583e-07,2.376993521419889e-08,0.00015516856406657108,1.6493725868242263e-07,1.1137488082944394e-11,1.9557089876735065e-09,1.9557089876735065e-09,1.955708987673507e-09,1.3659503263647648e-09,0.9944705292823551
0.24,10.608766958974336,0.023833683554734426,1060.8765129330611,101325.00000000001,3.26625550443838e-07,1.6760263818554768e-12,1.6411266873979755e-12,0.19883481866069236,2.3663441714673194e-11,0.005246535103817765,9.665273812957242e-08,8.491917752184616e-09,-1.2260470983809484e-31,3.24524671487451e-23,1.3519832593159458e-16,1.2901882368040717e-17,1.8117768444758396e-07,0.025947805099037116,1.089177058280958e-13,0.0026234060859694065,3.3175685968779463e-15,3.821387602990199e-18,1.5873396212718399e-10,1.0568661388539668e-13,1.5481684742839955e-08,0.0,0.7673468064349752,0.0055100128284477174,8.814970086481284e-07,2.4992632440594063e-08,0.00015907102123585652,1.6850048101849256e-07,1.159426046217369e-11,1.9856131200047716e-09,1.9856131200047716e-09,1.9856131200047716e-09,1.4087367475179571e-09,0.9943298337828248
0.244,10.630718533210793,0.024209951629897763,1063.071651638326,101325.0,3.603405307217593e-07,1.8011603173257924e-12,1.7749128836710397e-12,0.19864471713196535,2.5411762529417747e-11,0.0054366147919629165,9.955990447875006e-08,8.638719629481675e-09,-2.8996196337100325e-31,3.746280305194858e-23,1.4931278158754347e-16,1.426752310106855e-17,1.8832299014886284e-07,0.025852739953529377,1.1195423804926571e-13,0.0027184611953989237,3.797066187017338e-15,4.37040689065765e-18,1.7274627454822838e-10,1.1492919248285665e-13,1.666658547541157e-08,0.0,0.7673467931964479,0.0056563825267920385,9.283024337921786e-07,2.6306003562191002e-08,0.0001631578142843495,1.7229485505814852e-07,1.2090365456564424e-11,2.0172312232058122e-09,2.0172312232058122e-09,2.0172312232058122e-09,1.454760167970759e-09,0.994179325236887
0.248,10.653759524770022,0.024585405946357074,1065.375729598934,101324.99999999999,3.9848547510673617e-07,1.9400599631749104e-12,1.9245698224778775e-12,0.19844511528177444,2.7334011729566653e-11,0.005636192105522007,1.0259905299262822e-07,8.780996182392178e-09,3.289100466845069e-34,4.3470389853111895e-23,1.6519358394663342e-16,1.5806234175555158e-17,1.9582900779304963e-07,0.02575292328838395,1.15215331284441e-13,0.002818267229994344,4.345956525970918e-15,5.002996213390437e-18,1.8800546071844045e-10,1.2511180338722849e-13,1.7935230785516675e-08,0.0,0.7673467782451134,0.005813525828336168,9.793394981260823e-07,2.7721051540232787e-08,0.0001674481454761897,1.7634640525312878e-07,1.2631135705913848e-11,2.0507416469661637e-09,2.0507416469661637e-09,2.0507416469661637e-09,1.5044231257813821e-09,0.9940178349497546
0.252,10.677998519278388,0.024960007983702622,1067.7996049309063,101325.0,4.4184633778818264e-07,2.0949686659087e-12,2.0928257777008078e-12,0.19823506258245016,2.945628883680726e-11,0.005846217094083858,1.0578449634965367e-07,8.918343778168847e-09,-1.2208120612938273e-33,5.072923343876912e-23,1.8313582231637812e-16,1.754721778402721e-17,2.037325397198756e-07,0.025647879633601895,1.187290197590171e-13,0.0029232995983167055,4.975072873141646e-15,5.733817127794312e-18,2.0464381303197213e-10,1.3636459258045662e-13,1.9294149399231326e-08,0.0,0.7673467612771321,0.005982790761025879,1.035215957173273e-06,2.9250697965945022e-08,0.00017196415367587564,1.8068545684275476e-07,1.3222917447459371e-11,2.086350522709593e-09,2.0863505227095924e-09,2.086350522709593e-09,1.5581998279367033e-09,0.9938439921025125
0.256,10.703560938689966,0.025333715390331725,1070.3558192766648,101325.00000000071,4.91393598074734e-07,2.2686293308922747e-12,2.283042480846905e-12,0.19801346073517054,3.181015975823098e-11,0.006067787466215793,1.0913285132872195e-07,9.050312523982757e-09,-1.9825352292352687e-30,5.957432372191904e-23,2.0350079298326917e-16,1.9526276563104155e-17,2.1207646582529564e-07,0.02553705958855114,1.2252841834034815e-13,0.0030341076293301694,5.6972428413169865e-15,6.5806998216280376e-18,2.228130957598147e-10,1.4884286993798614e-13,2.0750601004651806e-08,0.0,0.7673467419174513,0.006165770798217151,1.0966616817856786e-06,3.091023085106787e-08,0.00017673153926376552,1.8534759746764818e-07,1.387332428620676e-11,2.1242976836263906e-09,2.124297683626391e-09,2.1242976836263914e-09,1.6166531687704002e-09,0.9936561767393909
0.26,10.730592691409823,0.025706481379604268,1073.0589627848733,101325.00000000001,5.483377303459859e-07,2.4644289927363373e-12,2.499404916803499e-12,0.19777903156793308,3.443415726065638e-11,0.006302180657217819,1.1266355007816653e-07,9.176395693241765e-09,1.5208238420331342e-30,7.045332455883895e-23,2.2673518642429516e-16,2.1787737727448206e-17,2.2091110649667995e-07,0.025419823758254512,1.2665296249052586e-13,0.0031513306337166242,6.527750186062623e-15,7.565505258926873e-18,2.4268857210051624e-10,1.6273354191220956e-13,2.231270228709753e-08,0.0,0.7673467196990102,0.0063643651062745814,1.1645610705095118e-06,3.271788652418927e-08,0.0001817803625727874,1.9037491664583464e-07,1.4591571577974918e-11,2.1648642276256607e-09,2.16486422762566e-09,2.1648642276256603e-09,1.6804569198302602e-09,0.9934524586874388
0.264,10.759264859769662,0.026078253991602386,1075.9261428137486,101324.99999999996,6.142054678808951e-07,2.6865959869291553e-12,2.7471822897194154e-12,0.19753027579511728,3.737580252055103e-11,0.0065508950246072105,1.1639949922008343e-07,9.29601614321673e-09,-5.569569593473451e-34,8.397323865428624e-23,2.533972345340023e-16,2.4387078702540377e-17,2.3029598177251723e-07,0.025295422114636243,1.3115003702485458e-13,0.0032757185394069414,7.484932851013268e-15,8.71527956627003e-18,2.644741305713109e-10,1.7826362708257266e-13,2.3989582596497404e-08,0.0,0.7673466940320839,0.006580857804578231,1.239996385220177e-06,3.4695615151344507e-08,0.00018714607516453967,1.9581762198872217e-07,1.538892285400925e-11,2.2083822836762123e-09,2.2083822836762123e-09,2.2083822836762123e-09,1.7504250249760634e-09,0.9932305172194743
0.268,10.789779811414776,0.026448975180543257,1078.9775950070814,101324.99999999999,6.909464505226396e-07,2.9404733759411007e-12,3.033093006059661e-12,0.19726541922757276,4.069437273279158e-11,0.006815703572746618,1.2036794235246945e-07,9.408508680368483e-09,5.765815134006023e-30,1.0097055024446829e-22,2.841929277579051e-16,2.739456906115119e-17,2.403021163567718e-07,0.025162967077151186,1.3607714805098787e-13,0.0034081588067353345,8.590968462433944e-15,1.0063822695712484e-17,2.884089031760388e-10,1.957116961072479e-13,2.5791578968045154e-08,0.0,0.7673466641637796,0.00681802383580775,1.3243066057478216e-06,3.687010310830184e-08,0.00019287087209314096,2.0173617822092645e-07,1.627929516897801e-11,2.2552478096816496e-09,2.25524780968165e-09,2.255247809681648e-09,1.8275508675331606e-09,0.9929875337694376
0.272,10.822379281705611,0.026818579672862206,1082.2374914450572,101324.9999999999,7.810851364468944e-07,3.2329050688199707e-12,3.3658247391152808e-12,0.1969823416051949,4.4464756548137475e-11,0.0070987250276352215,1.2460160513446486e-07,9.513096824562283e-09,-3.740862240860325e-30,1.226189756775186e-22,3.2002708218932664e-16,3.090041335908117e-17,2.510151044076471e-07,0.025021397894329774,1.4150486493223342e-13,0.003549712041159047,9.872921429981677e-15,1.1653854537212617e-17,3.147759264554445e-10,2.154234842854017e-13,2.773048315748002e-08,0.0,0.7673466291200487,0.007079272638987087,1.4191687135447578e-06,3.927416009778422e-08,0.00019900549118777224,2.0820418124301965e-07,1.7280093701532404e-11,2.3059376062874876e-09,2.3059376062874876e-09,2.3059376062874876e-09,1.9130607498000575e-09,0.992720046374415
0.276,10.8573552335166,0.027186993518966248,1085.7350264942215,101324.99999999996,8.879417012015727e-07,3.572792253366013e-12,3.7567910665241654e-12,0.196678480933308,4.878293008813234e-11,0.007402519368123363,1.2914024005435728e-07,9.608861687067535e-09,-2.089188586510296e-30,1.5059919035463104e-22,3.620767919907926e-16,3.502215994958636e-17,2.6253925125669085e-07,0.024869432760515398,1.4752087529499575e-13,0.003701659868503096,1.1364162161357789e-14,1.3540060025005019e-17,3.4391364840039206e-10,2.378335748599763e-13,2.981985832800617e-08,0.0,0.7673465876192144,0.007368846593407431,1.526712070729369e-06,4.194863445442263e-08,0.00020561164631702547,2.1531228532910744e-07,1.841338392692849e-11,2.361032300273851e-09,2.3610323002738518e-09,2.3610323002738518e-09,2.0084880332268672e-09,0.9924237486770842
0.28,10.895064743190998,0.02755413222758183,1089.5059052083473,101324.99999999999,1.015960953141573e-06,3.971914140736069e-12,4.221258837417806e-12,0.19635070229006257,5.377391060234554e-11,0.007730218818486672,1.3403275237688153e-07,9.694699573944756e-09,-8.65571473469588e-32,1.8737377059877104e-22,4.1189951444216212e-16,3.9915621104057136e-17,2.750032843850221e-07,0.024705503145016048,1.5423569037519882e-13,0.0038655705945535293,1.31063288498139e-14,1.5793458847544136e-17,3.7623150653206183e-10,2.634961330442426e-13,3.2075452324288125e-08,0.0,0.7673465379461096,0.007692100879635332,1.6496828943578954e-06,4.494511298502946e-08,0.00021276538477002347,2.2317367847466989e-07,1.9707573613771198e-11,2.4212480061766886e-09,2.4212480061766886e-09,2.4212480061766886e-09,2.1157780834387123e-09,0.9920932065344761
0.28400000000000003,10.935950832927738,0.027919898319731244,1093.5944262688156,101324.99999999991,1.1712153015560371e-06,4.446170674282331e-12,4.780073641426522e-12,0.19599511413740572,5.960360185767117e-11,0.00808571123316414,1.3934018772448747e-07,9.769263015264307e-09,1.910871079617992e-29,2.3664699749067664e-22,4.715962481469875e-16,4.5791388491025017e-17,2.885683972815922e-07,0.02452766183343541,1.6179085520741093e-13,0.0040433911473259235,1.5152098898447018e-14,1.850782217210888e-17,4.122314381429632e-10,2.9312946361911214e-13,3.4515745757524684e-08,0.0,0.7673464777582417,0.008055907272834896,1.7916865370653792e-06,4.832981405337074e-08,0.0002205618187672808,2.3193188421299588e-07,2.119988462743352e-11,2.487480858319508e-09,2.487480858319508e-09,2.4874808583195084e-09,2.23744026201717e-09,0.991721449238877
0.28800000000000003,10.980572355438584,0.02828417805585247,1098.0564699782728,101324.99999999999,1.3621979202299346e-06,5.0175218752827165e-12,5.462383796851528e-12,0.19560680467362745,6.649695415948015e-11,0.008473903264827066,1.4514003611243178e-07,9.83087681698969e-09,6.175303975264551e-32,3.041624681072924e-22,5.440652853587163e-16,5.294056434766184e-17,3.0343986851008543e-07,0.024333450924765923,1.7037107739641044e-13,0.004237579055419916,1.756920533493637e-14,2.1809349486153204e-17,4.525382881163062e-10,3.276823224964234e-13,3.7162693970252813e-08,0.0,0.7673464037799327,0.00846925244715606,1.9575544771788574e-06,5.2189351528975035e-08,0.0002291219627824283,2.417721653408539e-07,2.294008701021577e-11,2.5608711986748302e-09,2.56087119867483e-09,2.5608711986748286e-09,2.3767739947370463e-09,0.9912993639915377
0.292,11.029648116807502,0.028646836951017395,1102.9639097716645,101324.99999999996,1.6011191454586585e-06,5.717122615875084e-12,6.310098475111457e-12,0.19517945235487477,7.476675977717836e-11,0.008901109057628809,1.5153261421372326e-07,9.877415278329e-09,6.875734164779767e-32,3.991466985791176e-22,6.334106264290192e-16,6.177626006188229e-17,3.1988434521239093e-07,0.024119706801953206,1.8022269902001815e-13,0.004451297439488242,2.0446434320087162e-14,2.5871720488948947e-17,4.9794398921663e-10,3.6843564931944837e-13,4.004275587008438e-08,0.0,0.7673463113044712,0.00894415230116453,2.1539185110053636e-06,5.663953453983326e-08,0.0002386029059264836,2.5293869302136504e-07,2.4996323458077764e-11,2.642898766239522e-09,2.642898766239522e-09,2.642898766239522e-09,2.538215572810314e-09,0.9908147708040601
0.296,11.084124240961694,0.02900771345448693,1108.4113473376797,101324.99999999999,1.9061165529088415e-06,6.590603533207412e-12,7.38549985018118e-12,0.1947047308886555,8.486115819060653e-11,0.009375643920241658,1.5865085347649865e-07,9.906116795139029e-09,-2.6262330539354425e-30,5.370555754566717e-22,7.456264642153374e-16,7.290329937097979e-17,3.3825645040127593e-07,0.023882262133959227,1.916828492085733e-13,0.004688712948740247,2.390290300287891e-14,3.094037411174132e-17,5.494738386794926e-10,4.1716430445102573e-13,4.318836030281204e-08,0.0,0.7673461933411247,0.009497100660188686,2.3901438971776064e-06,6.183929319066829e-08,0.0002492134688490288,2.65761304337095e-07,2.7464541464892328e-11,2.7355286120978138e-09,2.7355286120978133e-09,2.735528612097814e-09,2.7278897503203365e-09,0.9902509571643245
0.3,11.14528129394249,0.029366609734859328,1114.526822656677,101324.99999999996,2.3052181813205128e-06,7.70741978530829e-12,8.784918498351725e-12,0.19417136241151078,9.744582793136029e-11,0.009908768751542084,1.666759370468483e-07,9.913293052381004e-09,8.92183354380695e-31,7.451204666748416e-22,8.898013973774015e-16,8.724114263094999e-17,3.59041486774598e-07,0.023615471585461904,2.05227466741642e-13,0.004955469947295043,2.8103042824931166e-14,3.737341743292491e-17,6.084898737985571e-10,4.764054504347571e-13,4.664006936811959e-08,0.0,0.7673460390920839,0.010151466680115082,2.6799164750205534e-06,6.801368837485326e-08,0.0002612393132492246,2.806989746516103e-07,3.0484469521339566e-11,2.8414439024789876e-09,2.841443902478988e-09,2.8414439024789876e-09,2.954526002813949e-09,0.989584253867952
0.304,11.214913238418465,0.029723277674687604,1121.4897048731264,101324.99999999999,2.8439021497229656e-06,9.17843337864934e-12,1.0664873528831258e-11,0.19356353461554524,1.1355469021559459e-10,0.010516268349520765,1.7586354697150903e-07,9.893851193632827e-09,1.8435783316496102e-31,1.0743913069960114e-21,1.0803662036596057e-15,1.0625394669012052e-16,3.8292753607919013e-07,0.02331141870865869,2.2155462562890656e-13,0.005259483434965823,3.328210961420243e-14,4.5714320247831075e-17,6.768599257906997e-10,5.499277141438836e-13,5.044990446652192e-08,0.0,0.7673458310432572,0.010941677275217608,3.04409560241609e-06,7.549397749499222e-08,0.0002750852654172469,2.984140959409117e-07,3.426819410817161e-11,2.9644357440338503e-09,2.9644357440338503e-09,2.9644357440338503e-09,3.2310628284368336e-09,0.9887798072968473
0.308,11.295645516546823,0.03007739643613735,1129.5624910920592,101324.99999999996,3.6006773798064502e-06,1.1191586337810791e-11,1.3296077456463458e-11,0.19285808494736162,1.3488709736354775e-10,0.0112212578060604,1.8659074933925885e-07,9.840461750704505e-09,3.671265312321132e-31,1.628370215634222e-21,1.3416126776162992e-15,1.324144452338658e-16,4.1093522258746174e-07,0.022958504615314554,2.4173882824019794e-13,0.005612350010965809,3.979263168225728e-14,5.683000439461542e-17,7.572511330982529e-10,6.436067078625054e-13,5.4686738425661586e-08,0.0,0.7673455389721933,0.011921012198389572,3.5162095885887188e-06,8.479210961892775e-08,0.00029135125625665654,3.1990765590398726e-07,3.9154877664353734e-11,3.110096717849604e-09,3.1100967178496047e-09,3.1100967178496047e-09,3.57764794367075e-09,0.9877837026887032
0.312,11.391547694795078,0.030428533973130906,1139.1520491024642,101325.00000000001,4.722587779684525e-06,1.409175214478435e-11,1.7186827171081218e-11,0.19201907213578492,1.6445184803439054e-10,0.012059589552591399,1.9944677016050947e-07,9.74199683029721e-09,4.260614346371989e-31,2.63954860792977e-21,1.7176946860335494e-15,1.702340839582306e-16,4.4467149268856837e-07,0.022538725966590713,2.675416979141435e-13,0.00603206910222797,4.8196765562185095e-14,7.219685783707618e-17,8.53680858494087e-10,7.672031573961081e-13,5.94456659429611e-08,0.0,0.7673451062986036,0.013177426188969818,4.154028415359043e-06,9.675147695220815e-08,0.00031098004292097914,3.4678610027317764e-07,4.57251335682965e-11,3.287155002807051e-09,3.287155002807051e-09,3.287155002807051e-09,4.027745896469784e-09,0.9865069822669766
0.316,11.509449330094494,0.030776074492697873,1150.9411467577988,101325.0,6.517942544236638e-06,1.8584989625759196e-11,2.340622282896673e-11,0.19098610401961477,2.0815342499185972e-10,0.01309146959706993,2.1542906331606662e-07,9.580285273312275e-09,1.6571786943798577e-30,4.709107831604504e-21,2.2978484604032857e-15,2.288710452397621e-16,4.868855244603589e-07,0.022021818669404936,3.021126223173112e-13,0.0065488973458080885,5.947360730047681e-14,9.456711422579684e-17,9.726671937393167e-10,9.38414333076169e-13,6.486593197962793e-08,0.0,0.7673444144406385,0.014869589998819321,5.06705189286625e-06,1.1288897596903874e-07,0.00033557779828800427,3.8184934389165003e-07,5.507010214956822e-11,3.5103265338177407e-09,3.5103265338177407e-09,3.5103265338177407e-09,4.642080243049242e-09,0.9847892551843459
0.32,11.662252333097866,0.031119061412022073,1166.2195043330926,101325.00000000003,9.751866786484755e-06,2.6373244417765384e-11,3.4617601043342206e-11,0.18964491739736833,2.7950069312361007e-10,0.014430699464171848,2.36439983677491e-07,9.322300969294122e-09,4.949126609129282e-30,9.751926280055786e-21,3.2933303617835756e-15,3.301244452788784e-16,5.42906852364386e-07,0.021350483640089474,3.518501263873142e-13,0.007220117073726439,7.557606717352991e-14,1.298131189626424e-16,1.126040857261768e-09,1.193794875442182e-12,7.117055549271125e-08,0.0,0.7673431692500076,0.0173239157069362,6.494217382801968e-06,1.363111129717481e-07,0.00036822977119600574,4.306097740661398e-07,6.954228482081418e-11,3.807420108618696e-09,3.807420108618696e-09,3.807420108618696e-09,5.546190409740609e-09,0.9823007763454
0.324,11.879757953256593,0.031455768608906885,1187.9656690826832,101324.99999999999,1.6955922061443267e-05,4.287602441599557e-11,5.967463089516978e-11,0.18773105218529115,4.1863386252607824e-10,0.016340212694034184,2.6692328417478574e-07,8.896219072519268e-09,2.2545345036069764e-29,2.644412744309365e-20,5.359094205063783e-15,5.420655552461433e-16,6.255530777460033e-07,0.02039194075299201,4.328644901666573e-13,0.008178458483138341,1.014532936202337e-13,1.937233308961588e-16,1.3398927931167506e-09,1.6276757451028314e-12,7.877854580099415e-08,0.0,0.7673403979481108,0.021377822038137827,9.09578126121361e-06,1.7493149915740538e-07,0.0004161944551821145,5.063809805381082e-07,9.552202643136646e-11,4.242070793764684e-09,4.242070793764683e-09,4.242070793764684e-09,7.062965385646819e-09,0.9781961865280339
0.328,12.272152741366845,0.031781709793343736,1227.1877542390257,101325.00000000004,4.471400795580188e-05,1.0159565177567282e-10,1.5714428534949094e-10,0.18426355681455497,8.47294092437917e-10,0.01979096785381855,3.2360790004759756e-07,8.065921039509538e-09,-4.324961265914685e-31,1.4526406845856376e-19,1.2360770458784114e-14,1.2711435098185312e-15,7.867077933384936e-07,0.018652136696528463,6.115592612213319e-13,0.009917683274294029,1.597942356759544e-13,3.60390890281241e-16,1.707158975722687e-09,2.6554696344067427e-12,8.888364075446594e-08,0.0,0.7673297312709592,0.03060631457310759,1.601080030525813e-05,2.620873496562594e-07,0.0005068290258754248,6.606029800482702e-07,1.6223821426992234e-10,5.040604257653319e-09,5.0406042576533206e-09,5.040604257653319e-09,1.0562177149085198e-08,0.96886989706395
0.332,15.487757091923662,0.032039978306748845,1538.0217325439837,101324.99999999999,0.002581303416987649,0.002387188697619566,0.005846649047809172,0.14437772205130733,0.003751666926734677,0.050634679917007264,2.8615227214932998e-05,1.0026600089961268e-06,3.5421559189691413e-08,6.40807794948781e-07,1.1368180218683541e-06,1.54629954151875e-07,3.056941088983331e-05,0.0001983395185213192,1.0804411664021386e-11,0.028140747028395897,1.910145399113184e-07,4.4726570019691176e-08,4.589524705051437e-07,3.8811418521347975e-09,1.0546501016446028e-08,2.031070204067128e-24,0.7620188392881455,0.2420514353979331,0.00040189280885900006,2.0951025025341555e-06,0.001255720438114149,1.3318393114990763e-06,1.3613332533600377e-09,2.2759681408960794e-10,2.2759681408960794e-10,2.2759681408960788e-10,2.0698725348432892e-09,0.7562875202990822
0.336,15.511015083010028,0.032297859559439514,1539.9881530531745,101324.99999999999,0.002369716671717906,0.0024933787325317077,0.0063341685677066025,0.14355968762475665,0.0038013913219012104,0.051196442939935395,2.8474173078610748e-05,9.98067755982983e-07,4.877957128042678e-10,8.363131986714723e-09,1.402326952973424e-08,1.8601611286571175e-09,3.6039227064951486e-07,2.034923962666131e-06,2.627203516595842e-12,0.028364264249237554,5.916065504779824e-09,1.0776072898264712e-09,1.0597634155894388e-08,1.6389060558396943e-11,2.7621288474302123e-11,1.7490597128028124e-24,0.7618490399628421,0.24426869017414,0.0004091871706811643,2.126800656099144e-06,0.0012631698313401204,3.132961224352432e-07,3.219949114883387e-10,2.348783723562461e-12,2.3487837235624616e-12,2.3487837235624616e-12,2.1530226203631743e-11,0.7540565123762871
0.34,15.51027536155186,0.03255575311109277,1539.8986727362383,101324.99999999997,0.00236167884185165,0.0024994783475767906,0.0063532084160545675,0.14354103425691705,0.0038028914140440582,0.05120469398488154,2.8486818859379353e-05,9.988738751686232e-07,5.307805077328308e-12,9.064541511283307e-11,1.506183620503257e-10,1.95207665038293e-11,3.76748389007311e-09,2.0870737781738527e-08,2.5283741869521326e-12,0.028366398396977646,1.485807102018803e-10,2.4718634949778437e-11,2.418145750692003e-10,1.5788844302119247e-13,7.515709278662234e-14,1.747799592025651e-24,0.7618411053267728,0.24418252871163698,0.0004090253879276606,2.126857135715058e-06,0.0012632604097965526,3.011073673829295e-07,3.0938446121379215e-10,2.408485750709087e-14,2.4084857507090865e-14,2.408485750709087e-14,2.2273296710463118e-13,0.754142757216253
0.34400000000000003,15.510210109640525,0.0328136477477118,1539.8913028441066,101325.00000000001,0.00236142295804174,0.0024998301383174558,0.0063540404722768696,0.14354041918951407,0.0038029888226973393,0.051204739560857755,2.8487954116250393e-05,9.989429611496762e-07,5.728494086497368e-14,9.78105050367458e-13,1.6261297460049082e-12,2.0201294976094798e-13,3.876767170464406e-11,2.1408251752057529e-10,2.5275976642423006e-12,0.028366407434360873,3.5070309407255112e-12,5.640685373384488e-13,5.51378729069259e-12,3.0454999916290635e-15,3.461746265632634e-16,1.7477878438769457e-24,0.7618406642590269,0.24417516242466222,0.000409008841949993,2.126833537281307e-06,0.001263259784066035,3.0101257107314794e-07,3.0928031796076624e-10,2.47047069465143e-16,2.47047069465143e-16,2.47047069465143e-16,4.3029791035247336e-15,0.7541501407937251
0.34800000000000003,15.510206086986,0.03307154245121717,1539.89085210955,101325.00000000001,0.0023614131370718883,0.002499850399651703,0.006354083136767708,0.1435403910430205,0.003802994928486846,0.05120473476446408,2.8488026159704413e-05,9.989473466380518e-07,6.458965979780915e-16,1.103123718160987e-14,1.841151809935785e-14,2.1001844035742204e-15,3.981824760010007e-13,2.196115080917448e-12,2.527605060706258e-12,0.028366406760160317,8.099564510130676e-14,1.2862946958517657e-14,1.2571507000515338e-13,6.8057154923379e-17,4.528642421951028e-18,1.7477877691364597e-24,0.7618406388514969,0.24417470832843355,0.00040900779023931964,2.126831751317566e-06,0.0012632596476597282,3.0101354136334865e-07,3.0928090414536567e-10,2.5342713600759658e-18,2.5342713600759658e-18,2.5342713600759654e-18,2.062524435108639e-15,0.7541505960788887
0.352,15.510205851002949,0.033329437158646336,1539.8908257037913,101324.99999999996,0.0023614126671493885,0.002499851571084935,0.006354085508848077,0.14354038953289663,0.0038029952922887136,0.05120473436000805,2.848803043404192e-05,9.989476071356888e-07,7.942742867641937e-18,1.357232107200929e-16,2.280988972328758e-16,2.2162155587105685e-17,4.0928242260697515e-15,2.2530845209869665e-14,2.527606034203925e-12,0.028366406708353466,1.855661775497415e-15,2.932890397290804e-16,2.8663014935962995e-15,1.548293661808186e-18,9.497657148380981e-20,1.7477881842267905e-24,0.76184063737877,0.24417468166303768,0.0004090077279635738,2.1268316410542156e-06,0.0012632596380552585,3.0101366474730463e-07,3.0928100688102347e-10,2.6000127453629767e-20,2.600012745362977e-20,2.600012745362977e-20,2.0395415973595415e-15,0.7541506228161519
0.356,15.510205837287877,0.03358733186630355,1539.8908241695049,101325.0,0.002361412641692985,0.002499851638936261,0.0063540856446270885,0.1435403894473099,0.0038029953135593946,0.05120473433446271,2.848803068339405e-05,9.98947622339071e-07,1.1147705855670988e-19,1.9062198712981555e-18,3.233649604397582e-18,2.414181265200303e-19,4.217027138762367e-17,2.312088367130452e-16,2.5276060964093626e-12,0.028366406705210147,4.238659026418059e-17,6.6870943752001525e-18,6.53516040810111e-17,3.5292663462120853e-20,2.145101670575943e-21,1.7477888780150005e-24,0.7618406372933679,0.24417468010850446,0.0004090077243271717,2.126831634518388e-06,0.001263259637449319,3.010136726089283e-07,3.09281013557202e-10,2.6681019487976774e-22,2.668101948797678e-22,2.668101948797679e-22,2.0393058223473167e-15,0.7541506243582154
0.36,15.510205836496663,0.033845226573973916,1539.890824080998,101324.99999999999,0.002361412640233846,0.002499851642849943,0.006354085652443625,0.14354038944238814,0.0038029953147895113,0.051204734332975406,2.848803069779256e-05,9.989476232173357e-07,1.827387982925453e-21,3.126995884880564e-20,5.35455487048193e-20,2.7975010070638777e-21,4.368471801921422e-19,2.373903317459068e-18,2.5276061000878186e-12,0.028366406705027308,9.6708411506659e-19,1.5246654242548304e-19,1.4900151237001218e-18,8.0465128203185945e-22,4.8858174369445774e-23,1.7472176602242755e-24,0.7618406372884436,0.2441746800165866,0.0004090077241136022,2.1268316341214415e-06,0.0012632596374026655,3.0101367307280926e-07,3.0928101395015226e-10,2.739435069895499e-24,2.7394350698955114e-24,2.739435069895511e-24,2.039303403736209e-15,0.7541506244402647
0.364,15.510205835841472,0.03410312128165518,1539.890824007696,101324.99999999997,0.0023614126420742447,0.0024998516456956506,0.006354085656525934,0.14354038944095884,0.003802995315703836,0.05120473432894362,2.8488030710077306e-05,9.989476239311236e-07,3.433618604156995e-23,5.87872410859622e-22,1.0137842130985356e-21,3.6017255138115474e-23,4.578709512437164e-21,2.440257469939777e-20,2.5276060990344098e-12,0.028366406704875297,2.205530613619925e-20,3.47624397773593e-21,3.3972309992581956e-20,1.8345985826395024e-23,1.1138420506753708e-24,1.7492107426519383e-24,0.761840637284361,0.24417468023630118,0.00040900772441678754,2.1268316362292373e-06,0.001263259638859161,3.010136730433133e-07,3.092810142283114e-10,2.816005501749243e-26,2.816005501748957e-26,2.816005501748957e-26,2.0393033769347007e-15,0.7541506254293543
0.368,15.51020583742283,0.03436101598931014,1539.8908241846198,101324.99999999997,0.002361412636942931,0.0024998516389181896,0.006354085647208201,0.1435403894438132,0.0038029953135235604,0.05120473433930438,2.8488030680358697e-05,9.989476222124651e-07,7.076097647871983e-25,1.2120270718112359e-23,2.0990114254394677e-23,5.363904146387946e-25,4.919674423954665e-23,2.5151348425738676e-22,2.527606102570913e-12,0.028366406705242285,5.029106142835659e-22,7.925831452796454e-23,7.745679840905793e-22,4.182878432492958e-25,2.539527163293924e-26,1.7558106443543425e-24,0.7618406372942171,0.24417467963408301,0.00040900772356808763,2.1268316305474483e-06,0.0012632596349797826,3.0101367321472106e-07,3.092810135681361e-10,2.9022271527017624e-28,2.9022271527096146e-28,2.902227152709615e-28,2.0393033820895454e-15,0.7541506228182867
0.372,15.510205837450897,0.03461891069696464,1539.8908241877568,101324.99999999997,0.0023614126371782713,0.002499851638750931,0.006354085646799121,0.14354038944414133,0.0038029953134659676,0.05120473433919518,2.848803067983342e-05,9.98947622177723e-07,1.537844349881533e-26,2.6317031922074815e-25,4.567699583186094e-25,9.306384224637007e-27,5.551167502029196e-25,2.6075897321290378e-24,2.5276061020225565e-12,0.028366406705248752,1.1466817464522529e-23,1.807117971902608e-24,1.766015219540878e-23,9.536929182594876e-27,5.790099743838335e-28,1.7557134246869186e-24,0.7618406372943908,0.2441746796683206,0.00040900772362653507,2.1268316308221097e-06,0.0012632596351393596,3.0101367315640257e-07,3.092810135506131e-10,3.0090117414498236e-30,3.0090117415105478e-30,3.0090117415105478e-30,2.039303381764956e-15,0.754150622911529
0.376,15.51020583745249,0.03487680540461911,1539.8908241879358,101324.99999999997,0.0023614126371842166,0.0024998516387426226,0.00635408564678063,0.14354038944415387,0.0038029953134634175,0.051204734339194986,2.8488030679805006e-05,9.98947622175956e-07,3.3578516519665365e-28,5.8663622098374654e-27,1.0192821654839491e-26,1.8229754239629482e-28,6.856736568197519e-27,2.736888103518166e-26,2.5276061020147896e-12,0.028366406705249154,2.614910031277028e-25,4.11822982769835e-26,4.026541831862259e-25,2.173645563124231e-28,1.3193672893413357e-29,1.7555581562713654e-24,0.7618406372944017,0.24417467966849984,0.0004090077236269411,2.126831630822722e-06,0.0012632596351393854,3.0101367315542123e-07,3.0928101354976856e-10,3.15831201039498e-32,3.158312014076072e-32,3.1583120140760736e-32,2.0393033817625042e-15,0.7541506229113494
0.38,15.510205837452583,0.035134700112273584,1539.8908241879465,101325.0,0.0023614126371844565,0.0024998516387421702,0.006354085646779627,0.14354038944415443,0.0038029953134632827,0.05120473433919507,2.8488030679803383e-05,9.989476221758547e-07,3.932686074798212e-30,1.326190913802668e-28,2.3055258088532286e-28,3.8673435929668174e-30,9.64144692077811e-29,2.948995108527217e-28,2.5276061020143497e-12,0.028366406705249175,5.97174665098414e-27,9.511523912111499e-28,9.110346265945482e-27,4.819438801862308e-30,2.9805527911073765e-31,1.755955492043075e-24,0.7618406372944022,0.2441746796685108,0.0004090077236269668,2.1268316308227666e-06,0.0012632596351393895,3.0101367315536623e-07,3.0928101354972136e-10,3.4030790914523266e-34,3.4030790914525905e-34,3.403079091452461e-34,2.0393033817623894e-15,0.7541506229113385
0.384,15.510205837452588,0.035392594819928055,1539.890824187947,101325.0,0.0023614126371844543,0.002499851638742141,0.006354085646779629,0.14354038944415437,0.003802995313463248,0.05120473433919509,2.8488030679803267e-05,9.98947622175841e-07,-1.279306410977393e-30,-1.1602471137356503e-30,-2.2032601873499906e-30,-1.479477551542839e-32,8.892837630226489e-31,2.9879649577361917e-30,2.527606102014265e-12,0.028366406705249175,-6.465382714491014e-29,2.8074541982447097e-29,2.4569142345993667e-29,1.2517983541773856e-31,1.1949030529130109e-32,1.755769780848096e-24,0.7618406372944023,0.24417467966851128,0.000409007723626968,2.126831630822769e-06,0.00126325963513939,3.01013673155356e-07,3.0928101354971143e-10,3.448049488034401e-36,3.4480494880343984e-36,3.4480494880344e-36,2.0393033817623314e-15,0.7541506229113377
0.388,15.51020583745259,0.03565048952758253,1539.8908241879474,101325.00000000001,0.002361412637184456,0.002499851638742147,0.00635408564677962,0.14354038944415431,0.003802995313463277,0.05120473433919507,2.84880306798032e-05,9.989476221758458e-07,5.076363216991183e-29,-6.102617605664366e-29,-1.0686619311204375e-28,-1.4761558843762505e-29,-2.882529339885533e-27,-1.8805776336213672e-26,2.5276061020142645e-12,0.028366406705249175,4.4624850096865665e-31,1.1294388376226607e-31,5.769419785043873e-31,3.998482933422447e-34,5.045423829051799e-35,1.7606951289504134e-24,0.7618406372944024,0.2441746796685114,0.00040900772362696805,2.1268316308227674e-06,0.0012632596351393889,3.0101367315535543e-07,3.092810135497113e-10,-2.6070844473939797e-32,-2.6070844473939753e-32,-2.607084447393971e-32,2.0393033817623307e-15,0.7541506229113375
0.392,15.510205837452597,0.035908384235237,1539.8908241879474,101324.99999999999,0.002361412637184465,0.002499851638742156,0.006354085646779621,0.14354038944415423,0.00380299531346328,0.051204734339195056,2.8488030679803267e-05,9.989476221758451e-07,9.64853370086132e-29,2.964463755416815e-29,5.171682002872188e-29,7.55308093724526e-30,1.479988806780989e-27,9.663318947986463e-27,2.527606102014312e-12,0.028366406705249172,-8.87295975442717e-29,-2.2456531867495953e-29,-2.426504708791023e-28,-2.85553183518217e-31,-1.7463278694752048e-32,1.760823898776603e-24,0.7618406372944023,0.24417467966851172,0.0004090077236269687,2.1268316308227687e-06,0.0012632596351393886,3.0101367315536146e-07,3.0928101354971733e-10,5.723128911412931e-32,5.723129782413817e-32,5.723129782413812e-32,2.03930338176238e-15,0.7541506229113368
0.396,15.510205837452583,0.03616627894289147,1539.8908241879462,101324.99999999999,0.002361412637184433,0.0024998516387421056,0.006354085646779555,0.1435403894441545,0.003802995313463222,0.05120473433919469,2.8488030679803145e-05,9.98947622175839e-07,5.309368777944203e-31,-4.569045292161062e-30,-8.026473265462166e-30,-1.1096463215045957e-30,-2.194953464189267e-28,-1.4477286912005274e-27,2.5276061020142496e-12,0.02836640670524919,-1.687958460127966e-42,-3.664768426089041e-43,1.0055961403831853e-42,2.1378820922949104e-43,-1.11210047061004e-43,1.76036687404593e-24,0.7618406372944028,0.2441746796685105,0.0004090077236269644,2.1268316308227467e-06,0.0012632596351393832,3.0101367315535395e-07,3.0928101354970885e-10,-1.935306914572112e-33,-1.9353041785087468e-33,-1.9353041785113305e-33,2.0393033817623015e-15,0.7541506229113379
